name,likeDL,Interest,toUse,investigate,pleasant
—é–Ø1,1,0,1,0,1
—é–Ø2,0,1,0,0,0
—é–Ø3,0,1,1,1,0
—é–Ø4,0,0,1,0,0
—é–Ø5,1,0,1,1,1
—é–Ø6,0,0,0,0,0
—é–Ø7,1,0,0,1,1
—é–Ø8,1,1,1,1,1
—é–Ø9,0,0,1,1,0
—é–Ø10,0,1,1,0,0
—é–Ø11,0,0,1,0,0
—é–Ø12,1,1,1,0,1
—é–Ø13,0,1,0,0,0
—é–Ø14,1,0,0,0,1
—é–Ø15,0,0,1,0,0
—é–Ø16,1,1,1,0,1
—é–Ø17,0,1,0,0,0
—é–Ø18,0,1,0,1,0
—é–Ø19,0,0,0,1,0
—é–Ø20,1,0,1,0,1
—é–Ø21,0,0,1,1,0
—é–Ø22,0,1,1,1,0
—é–Ø23,1,1,0,0,1
—é–Ø24,1,1,0,0,1
—é–Ø25,1,0,1,0,1
—é–Ø26,1,1,0,0,1
—é–Ø27,0,0,0,0,0
—é–Ø28,0,1,1,0,0
—é–Ø29,0,1,0,1,0
—é–Ø30,0,1,1,0,0
—é–Ø31,0,0,0,0,0
—é–Ø32,0,1,0,0,0
—é–Ø33,1,0,0,0,1
—é–Ø34,0,1,1,0,0
—é–Ø35,0,1,0,1,0
—é–Ø36,0,1,1,1,0
—é–Ø37,1,1,0,0,1
—é–Ø38,1,1,0,0,1
—é–Ø39,0,0,1,1,0
—é–Ø40,1,1,0,0,1
—é–Ø41,1,0,1,0,1
—é–Ø42,0,1,1,1,0
—é–Ø43,0,1,1,0,0
—é–Ø44,1,1,1,0,1
—é–Ø45,0,1,0,0,0
—é–Ø46,0,0,1,1,0
—é–Ø47,1,1,0,1,1
—é–Ø48,1,0,1,0,1
—é–Ø49,1,1,0,1,1
—é–Ø50,0,1,0,0,0
—é–Ø51,1,1,1,1,1
—é–Ø52,1,1,0,1,1
—é–Ø53,1,1,1,0,1
—é–Ø54,0,0,1,0,0
—é–Ø55,1,1,1,1,1
—é–Ø56,1,0,1,0,1
—é–Ø57,1,0,1,1,1
—é–Ø58,1,0,0,0,1
—é–Ø59,0,1,1,0,0
—é–Ø60,0,1,0,1,0
—é–Ø61,1,1,1,0,1
—é–Ø62,1,0,1,1,1
—é–Ø63,1,1,0,1,1
—é–Ø64,0,1,0,0,0
—é–Ø65,1,1,1,1,1
—é–Ø66,1,0,0,1,1
—é–Ø67,0,0,0,1,0
—é–Ø68,0,1,0,1,0
—é–Ø69,1,1,0,0,1
—é–Ø70,0,1,0,1,0
—é–Ø71,1,1,0,0,1
—é–Ø72,1,0,0,1,1
—é–Ø73,0,0,0,0,0
—é–Ø74,0,0,0,1,0
—é–Ø75,0,1,1,1,0
—é–Ø76,0,0,0,0,0
—é–Ø77,0,1,1,1,0
—é–Ø78,1,1,1,0,1
—é–Ø79,0,1,0,1,0
—é–Ø80,1,1,0,1,1
—é–Ø81,1,0,1,1,1
—é–Ø82,0,1,0,1,0
—é–Ø83,0,0,0,1,0
—é–Ø84,0,0,1,1,0
—é–Ø85,0,1,0,1,0
—é–Ø86,0,0,0,0,0
—é–Ø87,1,0,0,0,1
—é–Ø88,1,1,1,0,1
—é–Ø89,1,0,0,1,1
—é–Ø90,1,0,0,1,1
—é–Ø91,1,0,1,1,1
—é–Ø92,1,1,1,0,1
—é–Ø93,0,1,0,1,0
—é–Ø94,0,0,0,0,0
—é–Ø95,0,1,1,1,0
—é–Ø96,1,1,1,0,1
—é–Ø97,1,0,0,1,1
—é–Ø98,0,0,0,0,0
—é–Ø99,0,0,0,0,0
—é–Ø100,0,0,0,0,0
—é–Ø101,1,0,1,1,1
—é–Ø102,0,0,1,0,0
—é–Ø103,0,0,1,0,0
—é–Ø104,0,0,0,0,0
—é–Ø105,1,0,0,0,1
—é–Ø106,0,0,0,1,0
—é–Ø107,1,1,1,1,1
—é–Ø108,0,1,1,1,0
—é–Ø109,1,1,1,0,1
—é–Ø110,1,0,0,1,1
—é–Ø111,0,0,0,0,0
—é–Ø112,0,1,0,0,0
—é–Ø113,0,1,1,1,0
—é–Ø114,1,1,0,1,1
—é–Ø115,1,0,0,0,1
—é–Ø116,0,0,0,0,0
—é–Ø117,1,0,0,0,1
—é–Ø118,0,1,1,0,0
—é–Ø119,0,0,1,0,0
—é–Ø120,1,1,0,0,1
—é–Ø121,0,1,1,0,0
—é–Ø122,1,0,0,0,1
—é–Ø123,1,1,1,1,1
—é–Ø124,1,1,1,0,1
—é–Ø125,0,1,1,1,0
—é–Ø126,1,1,0,0,1
—é–Ø127,1,1,0,0,1
—é–Ø128,1,0,1,0,1
—é–Ø129,1,0,1,1,1
—é–Ø130,0,0,1,0,0
—é–Ø131,0,1,1,1,0
—é–Ø132,1,0,0,1,1
—é–Ø133,0,1,0,0,0
—é–Ø134,0,0,1,1,0
—é–Ø135,1,1,1,0,1
—é–Ø136,0,0,1,0,0
—é–Ø137,1,0,1,0,1
—é–Ø138,1,0,1,1,1
—é–Ø139,0,1,0,1,0
—é–Ø140,0,1,1,1,0
—é–Ø141,0,0,1,0,0
—é–Ø142,0,1,1,0,0
—é–Ø143,1,1,0,0,1
—é–Ø144,1,1,1,0,1
—é–Ø145,1,1,1,1,1
—é–Ø146,1,0,1,1,1
—é–Ø147,0,0,1,1,0
—é–Ø148,1,0,1,1,1
—é–Ø149,0,1,1,0,0
—é–Ø150,0,1,0,0,0
—é–Ø151,0,1,1,1,0
—é–Ø152,1,1,1,1,1
—é–Ø153,1,0,0,0,1
—é–Ø154,1,1,1,0,1
—é–Ø155,0,1,0,0,0
—é–Ø156,0,1,0,0,0
—é–Ø157,1,1,0,1,1
—é–Ø158,0,1,0,0,0
—é–Ø159,0,1,0,0,0
—é–Ø160,0,1,1,0,0
—é–Ø161,1,0,0,0,1
—é–Ø162,1,0,0,1,1
—é–Ø163,1,0,1,0,1
—é–Ø164,0,1,0,1,0
—é–Ø165,0,1,1,1,0
—é–Ø166,1,0,0,1,1
—é–Ø167,1,1,1,1,1
—é–Ø168,0,1,1,0,0
—é–Ø169,1,1,0,0,1
—é–Ø170,1,0,0,1,1
—é–Ø171,0,0,1,1,0
—é–Ø172,0,0,0,0,0
—é–Ø173,1,0,0,1,1
—é–Ø174,0,1,0,1,0
—é–Ø175,1,0,0,0,1
—é–Ø176,1,0,1,1,1
—é–Ø177,1,1,1,0,1
—é–Ø178,1,1,0,1,1
—é–Ø179,1,1,1,1,1
—é–Ø180,0,1,0,0,0
—é–Ø181,1,1,1,1,1
—é–Ø182,1,0,1,0,1
—é–Ø183,1,0,1,0,1
—é–Ø184,1,0,1,1,1
—é–Ø185,1,1,1,1,1
—é–Ø186,1,1,0,1,1
—é–Ø187,1,0,0,0,1
—é–Ø188,0,0,0,0,0
—é–Ø189,1,1,0,0,1
—é–Ø190,0,0,0,0,0
—é–Ø191,1,0,0,0,1
—é–Ø192,1,0,0,0,1
—é–Ø193,1,0,0,0,1
—é–Ø194,0,0,1,0,0
—é–Ø195,0,0,1,0,0
—é–Ø196,1,1,1,1,1
—é–Ø197,1,1,1,0,1
—é–Ø198,1,1,1,1,1
—é–Ø199,1,0,0,0,1
—é–Ø200,1,0,1,1,1
—é–Ø201,0,0,1,1,0
—é–Ø202,1,1,1,0,1
—é–Ø203,0,1,1,0,0
—é–Ø204,1,0,0,1,1
—é–Ø205,1,0,0,0,1
—é–Ø206,1,1,0,1,1
—é–Ø207,0,1,1,0,0
—é–Ø208,0,1,1,0,0
—é–Ø209,0,1,0,0,0
—é–Ø210,1,1,1,0,1
—é–Ø211,1,0,0,1,1
—é–Ø212,1,0,0,1,1
—é–Ø213,1,0,1,1,1
—é–Ø214,1,1,1,1,1
—é–Ø215,0,0,1,0,0
—é–Ø216,1,0,1,0,1
—é–Ø217,1,1,0,1,1
—é–Ø218,1,0,0,1,1
—é–Ø219,1,0,1,0,1
—é–Ø220,0,1,1,1,0
—é–Ø221,1,1,1,1,1
—é–Ø222,1,1,0,1,1
—é–Ø223,1,1,0,1,1
—é–Ø224,0,0,0,1,0
—é–Ø225,0,1,1,1,0
—é–Ø226,1,1,1,1,1
—é–Ø227,0,1,0,0,0
—é–Ø228,1,1,1,1,1
—é–Ø229,1,0,1,0,1
—é–Ø230,1,0,0,1,1
—é–Ø231,0,1,1,0,0
—é–Ø232,0,1,0,0,0
—é–Ø233,1,0,0,1,1
—é–Ø234,1,1,1,1,1
—é–Ø235,1,1,1,1,1
—é–Ø236,1,0,0,0,1
—é–Ø237,0,0,1,0,0
—é–Ø238,0,1,0,0,0
—é–Ø239,1,0,1,1,1
—é–Ø240,1,1,1,1,1
—é–Ø241,1,1,0,1,1
—é–Ø242,0,1,1,0,0
—é–Ø243,1,0,0,1,1
—é–Ø244,1,0,0,1,1
—é–Ø245,1,1,1,1,1
—é–Ø246,1,1,1,0,1
—é–Ø247,0,0,0,0,0
—é–Ø248,1,1,1,1,1
—é–Ø249,0,0,1,0,0
—é–Ø250,1,1,0,0,1
—é–Ø251,1,0,0,0,1
—é–Ø252,0,0,0,1,0
—é–Ø253,1,1,0,0,1
—é–Ø254,0,1,1,0,0
—é–Ø255,0,1,1,1,0
—é–Ø256,1,1,0,0,1
—é–Ø257,0,0,0,1,0
—é–Ø258,0,1,1,1,0
—é–Ø259,0,0,1,0,0
—é–Ø260,0,0,0,1,0
—é–Ø261,0,1,0,0,0
—é–Ø262,0,1,1,0,0
—é–Ø263,0,1,0,0,0
—é–Ø264,1,1,0,0,1
—é–Ø265,0,0,1,1,0
—é–Ø266,1,1,0,1,1
—é–Ø267,0,0,0,0,0
—é–Ø268,1,1,0,1,1
—é–Ø269,1,1,0,0,1
—é–Ø270,0,1,0,1,0
—é–Ø271,1,1,1,0,1
—é–Ø272,1,0,0,1,1
—é–Ø273,1,1,1,0,1
—é–Ø274,1,1,1,1,1
—é–Ø275,1,1,1,0,1
—é–Ø276,1,0,0,0,1
—é–Ø277,1,0,0,1,1
—é–Ø278,0,0,0,1,0
—é–Ø279,1,0,1,1,1
—é–Ø280,1,1,0,0,1
—é–Ø281,0,1,0,0,0
—é–Ø282,0,0,0,0,0
—é–Ø283,1,1,1,0,1
—é–Ø284,1,0,1,0,1
—é–Ø285,0,1,0,1,0
—é–Ø286,0,0,1,1,0
—é–Ø287,0,0,0,1,0
—é–Ø288,0,0,0,0,0
—é–Ø289,0,1,1,0,0
—é–Ø290,0,1,0,0,0
—é–Ø291,1,0,0,1,1
—é–Ø292,1,1,1,1,1
—é–Ø293,1,0,0,0,1
—é–Ø294,1,0,1,0,1
—é–Ø295,0,1,1,0,0
—é–Ø296,0,1,1,1,0
—é–Ø297,0,1,1,1,0
—é–Ø298,1,0,0,1,1
—é–Ø299,0,1,0,0,0
—é–Ø300,1,0,0,1,1
—é–Ø301,0,0,0,1,0
—é–Ø302,0,1,0,1,0
—é–Ø303,0,1,0,1,0
—é–Ø304,0,0,1,0,0
—é–Ø305,1,1,1,0,1
—é–Ø306,0,1,0,1,0
—é–Ø307,1,1,0,1,1
—é–Ø308,0,0,0,0,0
—é–Ø309,1,1,0,0,1
—é–Ø310,0,0,1,1,0
—é–Ø311,0,1,0,0,0
—é–Ø312,1,0,1,0,1
—é–Ø313,1,0,0,1,1
—é–Ø314,0,0,1,1,0
—é–Ø315,1,0,0,0,1
—é–Ø316,0,1,0,0,0
—é–Ø317,0,1,0,1,0
—é–Ø318,1,1,0,0,1
—é–Ø319,1,0,1,0,1
—é–Ø320,1,0,1,0,1
—é–Ø321,1,0,1,0,1
—é–Ø322,0,0,0,0,0
—é–Ø323,1,0,1,1,1
—é–Ø324,0,0,0,0,0
—é–Ø325,1,0,0,1,1
—é–Ø326,0,0,1,0,0
—é–Ø327,1,1,1,1,1
—é–Ø328,0,1,1,0,0
—é–Ø329,0,0,1,0,0
—é–Ø330,1,0,1,0,1
—é–Ø331,0,0,1,0,0
—é–Ø332,1,1,0,0,1
—é–Ø333,1,0,0,0,1
—é–Ø334,1,0,1,1,1
—é–Ø335,0,1,0,1,0
—é–Ø336,0,1,1,0,0
—é–Ø337,1,0,0,1,1
—é–Ø338,1,0,1,0,1
—é–Ø339,0,0,0,1,0
—é–Ø340,1,1,1,0,1
—é–Ø341,1,1,0,1,1
—é–Ø342,1,0,0,0,1
—é–Ø343,0,0,0,1,0
—é–Ø344,0,0,1,1,0
—é–Ø345,0,1,1,0,0
—é–Ø346,0,1,0,1,0
—é–Ø347,1,0,0,0,1
—é–Ø348,0,0,1,1,0
—é–Ø349,1,0,1,0,1
—é–Ø350,1,0,0,0,1
—é–Ø351,0,1,1,0,0
—é–Ø352,0,0,0,0,0
—é–Ø353,1,1,1,0,1
—é–Ø354,1,1,0,1,1
—é–Ø355,0,0,0,1,0
—é–Ø356,0,0,0,1,0
—é–Ø357,0,0,0,1,0
—é–Ø358,1,0,1,0,1
—é–Ø359,0,1,0,0,0
—é–Ø360,1,0,1,0,1
—é–Ø361,1,1,0,1,1
—é–Ø362,1,1,1,1,1
—é–Ø363,1,0,1,1,1
—é–Ø364,0,0,1,1,0
—é–Ø365,0,1,0,0,0
—é–Ø366,0,1,1,1,0
—é–Ø367,0,0,0,1,0
—é–Ø368,0,1,0,1,0
—é–Ø369,1,0,0,1,1
—é–Ø370,1,0,1,1,1
—é–Ø371,1,1,1,0,1
—é–Ø372,1,0,1,0,1
—é–Ø373,1,1,1,0,1
—é–Ø374,0,0,0,0,0
—é–Ø375,1,0,0,0,1
—é–Ø376,1,1,1,1,1
—é–Ø377,1,0,0,1,1
—é–Ø378,1,1,1,1,1
—é–Ø379,0,1,1,0,0
—é–Ø380,0,0,0,0,0
—é–Ø381,0,1,1,0,0
—é–Ø382,0,1,0,1,0
—é–Ø383,0,0,0,1,0
—é–Ø384,0,0,0,1,0
—é–Ø385,0,0,1,0,0
—é–Ø386,0,1,1,1,0
—é–Ø387,0,0,1,0,0
—é–Ø388,0,0,0,0,0
—é–Ø389,1,1,0,1,1
—é–Ø390,1,1,1,0,1
—é–Ø391,1,1,1,1,1
—é–Ø392,0,0,0,0,0
—é–Ø393,0,0,0,1,0
—é–Ø394,0,1,1,1,0
—é–Ø395,1,0,0,1,1
—é–Ø396,0,0,1,0,0
—é–Ø397,1,1,0,1,1
—é–Ø398,1,1,1,1,1
—é–Ø399,0,1,1,1,0
—é–Ø400,1,0,0,1,1
—é–Ø401,1,0,0,0,1
—é–Ø402,0,1,0,0,0
—é–Ø403,0,0,0,1,0
—é–Ø404,1,0,0,1,1
—é–Ø405,1,0,1,0,1
—é–Ø406,0,1,1,1,0
—é–Ø407,1,0,1,1,1
—é–Ø408,0,0,0,1,0
—é–Ø409,0,0,0,0,0
—é–Ø410,0,1,0,1,0
—é–Ø411,0,0,1,1,0
—é–Ø412,0,0,0,0,0
—é–Ø413,0,1,0,1,0
—é–Ø414,1,1,0,1,1
—é–Ø415,1,0,0,1,1
—é–Ø416,1,1,1,0,1
—é–Ø417,0,1,1,0,0
—é–Ø418,1,0,0,0,1
—é–Ø419,0,1,0,1,0
—é–Ø420,0,0,0,1,0
—é–Ø421,0,0,1,0,0
—é–Ø422,1,1,1,1,1
—é–Ø423,0,1,1,0,0
—é–Ø424,0,0,1,0,0
—é–Ø425,0,0,1,1,0
—é–Ø426,0,1,1,0,0
—é–Ø427,1,1,0,1,1
—é–Ø428,0,1,0,0,0
—é–Ø429,1,0,1,0,1
—é–Ø430,1,1,1,1,1
—é–Ø431,0,1,0,0,0
—é–Ø432,0,1,0,1,0
—é–Ø433,1,0,1,0,1
—é–Ø434,1,1,0,1,1
—é–Ø435,0,0,1,1,0
—é–Ø436,0,0,0,1,0
—é–Ø437,1,0,1,0,1
—é–Ø438,1,0,1,1,1
—é–Ø439,1,0,0,1,1
—é–Ø440,1,1,1,1,1
—é–Ø441,0,1,1,1,0
—é–Ø442,0,0,1,1,0
—é–Ø443,0,1,0,1,0
—é–Ø444,0,0,0,0,0
—é–Ø445,0,1,0,1,0
—é–Ø446,1,1,0,1,1
—é–Ø447,1,0,0,0,1
—é–Ø448,0,1,1,0,0
—é–Ø449,1,0,1,1,1
—é–Ø450,1,0,0,0,1
—é–Ø451,0,1,1,0,0
—é–Ø452,1,1,0,1,1
—é–Ø453,0,0,0,1,0
—é–Ø454,0,0,1,1,0
—é–Ø455,1,1,1,1,1
—é–Ø456,0,1,0,1,0
—é–Ø457,1,1,0,0,1
—é–Ø458,1,1,1,1,1
—é–Ø459,1,0,1,0,1
—é–Ø460,0,0,1,0,0
—é–Ø461,0,0,0,1,0
—é–Ø462,1,1,0,0,1
—é–Ø463,1,0,1,1,1
—é–Ø464,0,1,0,0,0
—é–Ø465,1,1,0,0,1
—é–Ø466,0,1,0,1,0
—é–Ø467,1,0,0,0,1
—é–Ø468,0,0,0,1,0
—é–Ø469,1,0,0,1,1
—é–Ø470,0,0,0,1,0
—é–Ø471,0,0,0,0,0
—é–Ø472,0,1,0,1,0
—é–Ø473,0,1,1,1,0
—é–Ø474,0,1,1,1,0
—é–Ø475,0,1,0,1,0
—é–Ø476,1,0,0,0,1
—é–Ø477,0,0,0,0,0
—é–Ø478,0,1,1,0,0
—é–Ø479,0,0,0,0,0
—é–Ø480,1,0,1,0,1
—é–Ø481,0,0,1,0,0
—é–Ø482,1,1,0,0,1
—é–Ø483,0,0,0,1,0
—é–Ø484,1,0,0,0,1
—é–Ø485,1,0,0,0,1
—é–Ø486,0,0,1,0,0
—é–Ø487,0,1,0,0,0
—é–Ø488,0,0,0,0,0
—é–Ø489,0,1,0,1,0
—é–Ø490,1,1,0,1,1
—é–Ø491,0,1,0,1,0
—é–Ø492,1,0,1,0,1
—é–Ø493,0,1,0,1,0
—é–Ø494,1,1,1,1,1
—é–Ø495,1,0,1,0,1
—é–Ø496,0,1,0,1,0
—é–Ø497,1,0,1,0,1
—é–Ø498,1,1,0,0,1
—é–Ø499,1,0,0,0,1
